Employee Name,Emplyment No.,Designation,Reports To,Emplyment No.
Amrita Bhatia,20001,Dy. HOD,Ajay Kumar,10001
Ananya Chauhan,20002,Dy. HOD,Ajay Kumar,10001
Ritu Mehta,20003,Dy. HOD,Ajay Kumar,10001
Ayush Jain,20004,Dy. HOD,Ajay Kumar,10001
Kunal Joshi,20005,Dy. HOD,Ajay Kumar,10001
Ravi Kashyap,20006,Dy. HOD,Ajay Kumar,10001
Sanjay Verma,20007,Dy. HOD,Ajay Kumar,10001
Prakash Kumar,20008,Dy. HOD,Ajay Kumar,10001
Ravi Mittal,20009,Dy. HOD,Ajay Kumar,10001
Vivek Mehta,20010,Dy. HOD,Ajay Kumar,10001
Bhavna Mathur,20011,Dy. HOD,Ajay Kumar,10001
Divya Shukla,30001,Line Manager,Amrita Bhatia,20001
Sakshi Rastogi,30002,Line Manager,Amrita Bhatia,20001
Dhruv Tiwari,30003,Line Manager,Ananya Chauhan,20002
Pallavi Jain,30004,Line Manager,Ananya Chauhan,20002
Dinesh Sinha,30005,Line Manager,Ritu Mehta,20003
Amit Dubey,30006,Line Manager,Ritu Mehta,20003
Meena Goel,30007,Line Manager,Ayush Jain,20004
Pragya Gupta,30008,Line Manager,Ayush Jain,20004
Pragya Chauhan,30009,Line Manager,Kunal Joshi,20005
Sandeep Kashyap,30010,Line Manager,Kunal Joshi,20005
Vivek Chopra,30011,Line Manager,Ravi Kashyap,20006
Dev Tiwari,30012,Line Manager,Ravi Kashyap,20006
Pooja Menon,30013,Line Manager,Sanjay Verma,20007
Ashish Kapoor,30014,Line Manager,Sanjay Verma,20007
Prakash Mehta,30015,Line Manager,Prakash Kumar,20008
Kavita Pandey,30016,Line Manager,Prakash Kumar,20008
Reena Gupta,30017,Line Manager,Ravi Mittal,20009
Nikhil Sharma,30018,Line Manager,Vivek Mehta,20010
Nidhi Malhotra,30019,Line Manager,Bhavna Mathur,20011
Gaurav Goyal,40001,Station Manager,Divya Shukla,30001
Nandini Tiwari,40002,Station Manager,Divya Shukla,30001
Bhavna Pandey,40003,Station Manager,Divya Shukla,30001
Sanjay Bhatia,40004,Station Manager,Divya Shukla,30001
Tanmay Bhatia,40005,Station Manager,Divya Shukla,30001
Vikas Mathur,40006,Station Manager,Divya Shukla,30001
Shreya Kashyap,40007,Station Manager,Divya Shukla,30001
Sandeep Gupta,40008,Station Manager,Divya Shukla,30001
Rakesh Bansal,40009,Station Manager,Sakshi Rastogi,30002
Nikhil Dubey,40010,Station Manager,Sakshi Rastogi,30002
Lokesh Kapoor,40011,Station Manager,Sakshi Rastogi,30002
Ayush Tiwari,40012,Station Manager,Sakshi Rastogi,30002
Pankaj Kapoor,40013,Station Manager,Sakshi Rastogi,30002
Jyoti Khanna,40014,Station Manager,Sakshi Rastogi,30002
Rahul Verma,40015,Station Manager,Sakshi Rastogi,30002
Pallavi Iyer,40016,Station Manager,Sakshi Rastogi,30002
Sanjay Tripathi,40017,Station Manager,Dhruv Tiwari,30003
Aniket Malhotra,40018,Station Manager,Dhruv Tiwari,30003
Hemant Rastogi,40019,Station Manager,Dhruv Tiwari,30003
Sanjay Kapoor,40020,Station Manager,Dhruv Tiwari,30003
Geeta Iyer,40021,Station Manager,Dhruv Tiwari,30003
Aarav Kumar,40022,Station Manager,Dhruv Tiwari,30003
Zoya Rastogi,40023,Station Manager,Dhruv Tiwari,30003
Neeraj Rastogi,40024,Station Manager,Dhruv Tiwari,30003
Sakshi Gupta,40025,Station Manager,Pallavi Jain,30004
Lokesh Bansal,40026,Station Manager,Pallavi Jain,30004
Ashish Menon,40027,Station Manager,Pallavi Jain,30004
Dev Shukla,40028,Station Manager,Pallavi Jain,30004
Prakash Gupta,40029,Station Manager,Pallavi Jain,30004
Abhishek Khanna,40030,Station Manager,Pallavi Jain,30004
Varun Singh,40031,Station Manager,Pallavi Jain,30004
Sandeep Shukla,40032,Station Manager,Pallavi Jain,30004
Ankit Dubey,40033,Station Manager,Dinesh Sinha,30005
Shivam Sharma,40034,Station Manager,Dinesh Sinha,30005
Pradeep Kashyap,40035,Station Manager,Dinesh Sinha,30005
Arjun Verma,40036,Station Manager,Dinesh Sinha,30005
Sourabh Goyal,40037,Station Manager,Dinesh Sinha,30005
Sameer Menon,40038,Station Manager,Dinesh Sinha,30005
Zoya Agarwal,40039,Station Manager,Dinesh Sinha,30005
Ankit Chauhan,40040,Station Manager,Dinesh Sinha,30005
Monika Sharma,40041,Station Manager,Amit Dubey,30006
Ayush Bhatia,40042,Station Manager,Amit Dubey,30006
Vikram Singh,40043,Station Manager,Amit Dubey,30006
Akshay Rana,40044,Station Manager,Amit Dubey,30006
Rajat Mittal,40045,Station Manager,Amit Dubey,30006
Nidhi Gupta,40046,Station Manager,Amit Dubey,30006
Ayush Nair,40047,Station Manager,Amit Dubey,30006
Rahul Sethi,40048,Station Manager,Amit Dubey,30006
Amrita Mittal,40049,Station Manager,Meena Goel,30007
Arnav Mathur,40050,Station Manager,Meena Goel,30007
Vivek Dwivedi,40051,Station Manager,Meena Goel,30007
Bharat Rastogi,40052,Station Manager,Meena Goel,30007
Amrita Jain,40053,Station Manager,Meena Goel,30007
Neha Chauhan,40054,Station Manager,Meena Goel,30007
Amit Pandey,40055,Station Manager,Meena Goel,30007
Shreya Tripathi,40056,Station Manager,Meena Goel,30007
Jatin Kashyap,40057,Station Manager,Pragya Gupta,30008
Pooja Rana,40058,Station Manager,Pragya Gupta,30008
Dhruv Kapoor,40059,Station Manager,Pragya Gupta,30008
Neha Mittal,40060,Station Manager,Pragya Gupta,30008
Harish Tripathi,40061,Station Manager,Pragya Gupta,30008
Dev Menon,40062,Station Manager,Pragya Gupta,30008
Amrita Goel,40063,Station Manager,Pragya Gupta,30008
Dev Mehta,40064,Station Manager,Pragya Gupta,30008
Manoj Rastogi,40065,Station Manager,Pragya Chauhan,30009
Deepika Nair,40066,Station Manager,Pragya Chauhan,30009
Nandini Chauhan,40067,Station Manager,Pragya Chauhan,30009
Meena Mehta,40068,Station Manager,Pragya Chauhan,30009
Akash Chaudhary,40069,Station Manager,Pragya Chauhan,30009
Ashish Sinha,40070,Station Manager,Pragya Chauhan,30009
Sandeep Singh,40071,Station Manager,Pragya Chauhan,30009
Deepika Goel,40072,Station Manager,Pragya Chauhan,30009
Rajesh Saxena,40073,Station Manager,Sandeep Kashyap,30010
Monika Yadav,40074,Station Manager,Sandeep Kashyap,30010
Mohit Mathur,40075,Station Manager,Sandeep Kashyap,30010
Nisha Verma,40076,Station Manager,Sandeep Kashyap,30010
Madhuri Chaudhary,40077,Station Manager,Sandeep Kashyap,30010
Anjali Tiwari,40078,Station Manager,Sandeep Kashyap,30010
Lakshmi Rastogi,40079,Station Manager,Sandeep Kashyap,30010
Nandini Menon,40080,Station Manager,Sandeep Kashyap,30010
Vikas Nair,40081,Station Manager,Vivek Chopra,30011
Vinay Sethi,40082,Station Manager,Vivek Chopra,30011
Aditi Sethi,40083,Station Manager,Vivek Chopra,30011
Tanmay Agarwal,40084,Station Manager,Vivek Chopra,30011
Varun Arora,40085,Station Manager,Vivek Chopra,30011
Dhruv Iyer,40086,Station Manager,Vivek Chopra,30011
Mehul Nair,40087,Station Manager,Vivek Chopra,30011
Mehul Verma,40088,Station Manager,Vivek Chopra,30011
Varun Goyal,40089,Station Manager,Dev Tiwari,30012
Anjali Agarwal,40090,Station Manager,Dev Tiwari,30012
Pallavi Sharma,40091,Station Manager,Dev Tiwari,30012
Neeraj Yadav,40092,Station Manager,Dev Tiwari,30012
Sachin Sharma,40093,Station Manager,Dev Tiwari,30012
Pooja Nair,40094,Station Manager,Dev Tiwari,30012
Divya Bhatia,40095,Station Manager,Dev Tiwari,30012
Mehul Rastogi,40096,Station Manager,Dev Tiwari,30012
Sonal Verma,40097,Station Manager,Pooja Menon,30013
Karan Kashyap,40098,Station Manager,Pooja Menon,30013
Karan Rana,40099,Station Manager,Pooja Menon,30013
Rakesh Chopra,40100,Station Manager,Pooja Menon,30013
Nisha Iyer,40101,Station Manager,Pooja Menon,30013
Aarav Chauhan,40102,Station Manager,Pooja Menon,30013
Aniket Singh,40103,Station Manager,Pooja Menon,30013
Aniket Jain,40104,Station Manager,Pooja Menon,30013
Pradeep Rana,40105,Station Manager,Ashish Kapoor,30014
Madhuri Bansal,40106,Station Manager,Ashish Kapoor,30014
Rahul Saxena,40107,Station Manager,Ashish Kapoor,30014
Divya Sinha,40108,Station Manager,Ashish Kapoor,30014
Amit Jain,40109,Station Manager,Ashish Kapoor,30014
Sandeep Iyer,40110,Station Manager,Ashish Kapoor,30014
Anjali Sinha,40111,Station Manager,Ashish Kapoor,30014
Arnav Srivastava,40112,Station Manager,Ashish Kapoor,30014
Nidhi Bhatia,40113,Station Manager,Prakash Mehta,30015
Dinesh Tiwari,40114,Station Manager,Prakash Mehta,30015
Prakash Mittal,40115,Station Manager,Prakash Mehta,30015
Jatin Menon,40116,Station Manager,Prakash Mehta,30015
Aditya Dubey,40117,Station Manager,Prakash Mehta,30015
Jatin Verma,40118,Station Manager,Prakash Mehta,30015
Manoj Chauhan,40119,Station Manager,Prakash Mehta,30015
Prakash Chopra,40120,Station Manager,Prakash Mehta,30015
Ravi Gupta,40121,Station Manager,Kavita Pandey,30016
Deepika Dwivedi,40122,Station Manager,Kavita Pandey,30016
Geeta Sharma,40123,Station Manager,Kavita Pandey,30016
Deepak Dubey,40124,Station Manager,Kavita Pandey,30016
Sakshi Goyal,40125,Station Manager,Kavita Pandey,30016
Tanmay Jain,40126,Station Manager,Kavita Pandey,30016
Sneha Bansal,40127,Station Manager,Kavita Pandey,30016
Rohit Goel,40128,Station Manager,Kavita Pandey,30016
Reena Srivastava,40129,Station Manager,Reena Gupta,30017
Hemant Srivastava,40130,Station Manager,Reena Gupta,30017
Mohit Mehta,40131,Station Manager,Nikhil Sharma,30018
Vikram Tiwari,40132,Station Manager,Nikhil Sharma,30018
Shivam Srivastava,40133,Station Manager,Nidhi Malhotra,30019
Ashish Chopra,40134,Station Manager,Nidhi Malhotra,30019
Sunil Pandey,50001,Station Controller,Gaurav Goyal,40001
Monika Arora,50002,Station Controller,Gaurav Goyal,40001
Kunal Chaudhary,50003,Station Controller,Gaurav Goyal,40001
Ritu Tripathi,50004,Station Controller,Gaurav Goyal,40001
Akash Singh,50005,Station Controller,Gaurav Goyal,40001
Chetan Srivastava,50006,Station Controller,Nandini Tiwari,40002
Isha Sethi,50007,Station Controller,Nandini Tiwari,40002
Ayush Mishra,50008,Station Controller,Nandini Tiwari,40002
Nikhil Saxena,50009,Station Controller,Nandini Tiwari,40002
Jyoti Chauhan,50010,Station Controller,Nandini Tiwari,40002
Nisha Jain,50011,Station Controller,Bhavna Pandey,40003
Harish Malhotra,50012,Station Controller,Bhavna Pandey,40003
Naveen Bansal,50013,Station Controller,Bhavna Pandey,40003
Ayush Yadav,50014,Station Controller,Bhavna Pandey,40003
Pankaj Arora,50015,Station Controller,Bhavna Pandey,40003
Mehul Goyal,50016,Station Controller,Sanjay Bhatia,40004
Madhuri Shukla,50017,Station Controller,Sanjay Bhatia,40004
Rajesh Gupta,50018,Station Controller,Sanjay Bhatia,40004
Chandni Tripathi,50019,Station Controller,Sanjay Bhatia,40004
Lokesh Menon,50020,Station Controller,Sanjay Bhatia,40004
Sanjay Kumar,50021,Station Controller,Tanmay Bhatia,40005
Manish Jain,50022,Station Controller,Tanmay Bhatia,40005
Madhuri Menon,50023,Station Controller,Tanmay Bhatia,40005
Manish Bhatia,50024,Station Controller,Tanmay Bhatia,40005
Divya Chopra,50025,Station Controller,Tanmay Bhatia,40005
Madhuri Singh,50026,Station Controller,Vikas Mathur,40006
Chetan Nair,50027,Station Controller,Vikas Mathur,40006
Akshay Mehta,50028,Station Controller,Vikas Mathur,40006
Vikram Goyal,50029,Station Controller,Vikas Mathur,40006
Sunil Singh,50030,Station Controller,Vikas Mathur,40006
Geeta Joshi,50031,Station Controller,Shreya Kashyap,40007
Sneha Kashyap,50032,Station Controller,Shreya Kashyap,40007
Aarav Tripathi,50033,Station Controller,Shreya Kashyap,40007
Abhishek Bansal,50034,Station Controller,Shreya Kashyap,40007
Amit Mathur,50035,Station Controller,Shreya Kashyap,40007
Pradeep Yadav,50036,Station Controller,Sandeep Gupta,40008
Karan Gupta,50037,Station Controller,Sandeep Gupta,40008
Shivam Kashyap,50038,Station Controller,Sandeep Gupta,40008
Pradeep Mehta,50039,Station Controller,Sandeep Gupta,40008
Monika Mishra,50040,Station Controller,Sandeep Gupta,40008
Amit Singh,50041,Station Controller,Rakesh Bansal,40009
Pankaj Rastogi,50042,Station Controller,Rakesh Bansal,40009
Ayush Joshi,50043,Station Controller,Rakesh Bansal,40009
Reena Sinha,50044,Station Controller,Rakesh Bansal,40009
Komal Agarwal,50045,Station Controller,Rakesh Bansal,40009
Aditi Khanna,50046,Station Controller,Nikhil Dubey,40010
Kavita Tiwari,50047,Station Controller,Nikhil Dubey,40010
Dev Singh,50048,Station Controller,Nikhil Dubey,40010
Manish Sinha,50049,Station Controller,Nikhil Dubey,40010
Sameer Saxena,50050,Station Controller,Nikhil Dubey,40010
Ananya Rana,50051,Station Controller,Lokesh Kapoor,40011
Vikram Agarwal,50052,Station Controller,Lokesh Kapoor,40011
Deepak Bhatia,50053,Station Controller,Lokesh Kapoor,40011
Manish Malhotra,50054,Station Controller,Lokesh Kapoor,40011
Akshay Joshi,50055,Station Controller,Lokesh Kapoor,40011
Aditi Kapoor,50056,Station Controller,Ayush Tiwari,40012
Naveen Tiwari,50057,Station Controller,Ayush Tiwari,40012
Prakash Yadav,50058,Station Controller,Ayush Tiwari,40012
Shreya Rastogi,50059,Station Controller,Ayush Tiwari,40012
Bhavna Mishra,50060,Station Controller,Ayush Tiwari,40012
Rahul Joshi,50061,Station Controller,Pankaj Kapoor,40013
Deepika Sharma,50062,Station Controller,Pankaj Kapoor,40013
Divya Tripathi,50063,Station Controller,Pankaj Kapoor,40013
Sonal Goel,50064,Station Controller,Pankaj Kapoor,40013
Naveen Kapoor,50065,Station Controller,Pankaj Kapoor,40013
Pradeep Jain,50066,Station Controller,Jyoti Khanna,40014
Karan Menon,50067,Station Controller,Jyoti Khanna,40014
Ravi Tripathi,50068,Station Controller,Jyoti Khanna,40014
Vinay Joshi,50069,Station Controller,Jyoti Khanna,40014
Aditya Shukla,50070,Station Controller,Jyoti Khanna,40014
Manoj Dubey,50071,Station Controller,Rahul Verma,40015
Ayush Kumar,50072,Station Controller,Rahul Verma,40015
Sandeep Mehta,50073,Station Controller,Rahul Verma,40015
Aniket Sharma,50074,Station Controller,Rahul Verma,40015
Nidhi Verma,50075,Station Controller,Rahul Verma,40015
Pallavi Kumar,50076,Station Controller,Pallavi Iyer,40016
Rohit Bhatia,50077,Station Controller,Pallavi Iyer,40016
Monika Malhotra,50078,Station Controller,Pallavi Iyer,40016
Payal Pandey,50079,Station Controller,Pallavi Iyer,40016
Vivek Menon,50080,Station Controller,Pallavi Iyer,40016
Amrita Kapoor,50081,Station Controller,Sanjay Tripathi,40017
Madhuri Nair,50082,Station Controller,Sanjay Tripathi,40017
Rohit Gupta,50083,Station Controller,Sanjay Tripathi,40017
Pooja Srivastava,50084,Station Controller,Sanjay Tripathi,40017
Rohit Malhotra,50085,Station Controller,Sanjay Tripathi,40017
Vikas Bansal,50086,Station Controller,Aniket Malhotra,40018
Sachin Tripathi,50087,Station Controller,Aniket Malhotra,40018
Deepika Agarwal,50088,Station Controller,Aniket Malhotra,40018
Divya Pandey,50089,Station Controller,Aniket Malhotra,40018
Kavita Kumar,50090,Station Controller,Aniket Malhotra,40018
Lokesh Bhatia,50091,Station Controller,Hemant Rastogi,40019
Lakshmi Rana,50092,Station Controller,Hemant Rastogi,40019
Arpita Khanna,50093,Station Controller,Hemant Rastogi,40019
Vikas Khanna,50094,Station Controller,Hemant Rastogi,40019
Reena Yadav,50095,Station Controller,Hemant Rastogi,40019
Akash Rana,50096,Station Controller,Sanjay Kapoor,40020
Ramesh Agarwal,50097,Station Controller,Sanjay Kapoor,40020
Sameer Khanna,50098,Station Controller,Sanjay Kapoor,40020
Nidhi Joshi,50099,Station Controller,Sanjay Kapoor,40020
Bharat Mittal,50100,Station Controller,Sanjay Kapoor,40020
Sonal Kashyap,50101,Station Controller,Geeta Iyer,40021
Rajesh Tiwari,50102,Station Controller,Geeta Iyer,40021
Bhavna Shukla,50103,Station Controller,Geeta Iyer,40021
Yash Goyal,50104,Station Controller,Geeta Iyer,40021
Akash Chopra,50105,Station Controller,Geeta Iyer,40021
Pragya Mehta,50106,Station Controller,Aarav Kumar,40022
Madhuri Verma,50107,Station Controller,Aarav Kumar,40022
Priya Sharma,50108,Station Controller,Aarav Kumar,40022
Vikram Arora,50109,Station Controller,Aarav Kumar,40022
Sachin Bansal,50110,Station Controller,Aarav Kumar,40022
Aditi Shukla,50111,Station Controller,Zoya Rastogi,40023
Bharat Saxena,50112,Station Controller,Zoya Rastogi,40023
Vikram Yadav,50113,Station Controller,Zoya Rastogi,40023
Abhishek Sinha,50114,Station Controller,Zoya Rastogi,40023
Sonal Kumar,50115,Station Controller,Zoya Rastogi,40023
Nandini Khanna,50116,Station Controller,Neeraj Rastogi,40024
Komal Shukla,50117,Station Controller,Neeraj Rastogi,40024
Aniket Rastogi,50118,Station Controller,Neeraj Rastogi,40024
Ayush Goyal,50119,Station Controller,Neeraj Rastogi,40024
Dinesh Menon,50120,Station Controller,Neeraj Rastogi,40024
Geeta Mehta,50121,Station Controller,Sakshi Gupta,40025
Arpita Iyer,50122,Station Controller,Sakshi Gupta,40025
Ananya Tripathi,50123,Station Controller,Sakshi Gupta,40025
Shivam Khanna,50124,Station Controller,Sakshi Gupta,40025
Kavita Mathur,50125,Station Controller,Sakshi Gupta,40025
Pragya Mittal,50126,Station Controller,Lokesh Bansal,40026
Neeraj Goyal,50127,Station Controller,Lokesh Bansal,40026
Rajesh Tripathi,50128,Station Controller,Lokesh Bansal,40026
Jyoti Saxena,50129,Station Controller,Lokesh Bansal,40026
Gaurav Mehta,50130,Station Controller,Lokesh Bansal,40026
Pooja Rastogi,50131,Station Controller,Ashish Menon,40027
Ashish Shukla,50132,Station Controller,Ashish Menon,40027
Ashish Tiwari,50133,Station Controller,Ashish Menon,40027
Payal Iyer,50134,Station Controller,Ashish Menon,40027
Jatin Goyal,50135,Station Controller,Ashish Menon,40027
Aarav Verma,50136,Station Controller,Dev Shukla,40028
Sandeep Saxena,50137,Station Controller,Dev Shukla,40028
Bharat Agarwal,50138,Station Controller,Dev Shukla,40028
Priya Agarwal,50139,Station Controller,Dev Shukla,40028
Sakshi Menon,50140,Station Controller,Dev Shukla,40028
Ananya Menon,50141,Station Controller,Prakash Gupta,40029
Aarav Shukla,50142,Station Controller,Prakash Gupta,40029
Nisha Kumar,50143,Station Controller,Prakash Gupta,40029
Dinesh Rana,50144,Station Controller,Prakash Gupta,40029
Naveen Chopra,50145,Station Controller,Prakash Gupta,40029
Mehul Singh,50146,Station Controller,Abhishek Khanna,40030
Arpita Goyal,50147,Station Controller,Abhishek Khanna,40030
Bharat Kumar,50148,Station Controller,Abhishek Khanna,40030
Abhishek Verma,50149,Station Controller,Abhishek Khanna,40030
Rakesh Joshi,50150,Station Controller,Abhishek Khanna,40030
Payal Dwivedi,50151,Station Controller,Varun Singh,40031
Sanjay Shukla,50152,Station Controller,Varun Singh,40031
Nisha Shukla,50153,Station Controller,Varun Singh,40031
Sourabh Mathur,50154,Station Controller,Varun Singh,40031
Rajat Chauhan,50155,Station Controller,Varun Singh,40031
Arjun Pandey,50156,Station Controller,Sandeep Shukla,40032
Varun Mishra,50157,Station Controller,Sandeep Shukla,40032
Nandini Chopra,50158,Station Controller,Sandeep Shukla,40032
Manoj Verma,50159,Station Controller,Sandeep Shukla,40032
Pragya Bhatia,50160,Station Controller,Sandeep Shukla,40032
Bhavna Rana,50161,Station Controller,Ankit Dubey,40033
Nandini Verma,50162,Station Controller,Ankit Dubey,40033
Aditya Kumar,50163,Station Controller,Ankit Dubey,40033
Kavita Iyer,50164,Station Controller,Ankit Dubey,40033
Chandni Kapoor,50165,Station Controller,Ankit Dubey,40033
Dhruv Agarwal,50166,Station Controller,Shivam Sharma,40034
Sonal Dwivedi,50167,Station Controller,Shivam Sharma,40034
Abhishek Mathur,50168,Station Controller,Shivam Sharma,40034
Neha Khanna,50169,Station Controller,Shivam Sharma,40034
Aditya Mehta,50170,Station Controller,Shivam Sharma,40034
Nikhil Rana,50171,Station Controller,Pradeep Kashyap,40035
Shreya Pandey,50172,Station Controller,Pradeep Kashyap,40035
Ananya Dubey,50173,Station Controller,Pradeep Kashyap,40035
Gaurav Yadav,50174,Station Controller,Pradeep Kashyap,40035
Sakshi Arora,50175,Station Controller,Pradeep Kashyap,40035
Lokesh Kashyap,50176,Station Controller,Arjun Verma,40036
Zoya Tiwari,50177,Station Controller,Arjun Verma,40036
Komal Sinha,50178,Station Controller,Arjun Verma,40036
Deepika Kashyap,50179,Station Controller,Arjun Verma,40036
Vivek Iyer,50180,Station Controller,Arjun Verma,40036
Aditya Tripathi,50181,Station Controller,Sourabh Goyal,40037
Payal Goyal,50182,Station Controller,Sourabh Goyal,40037
Hemant Chaudhary,50183,Station Controller,Sourabh Goyal,40037
Arpita Tripathi,50184,Station Controller,Sourabh Goyal,40037
Gaurav Mishra,50185,Station Controller,Sourabh Goyal,40037
Pragya Menon,50186,Station Controller,Sameer Menon,40038
Harish Chopra,50187,Station Controller,Sameer Menon,40038
Anjali Dwivedi,50188,Station Controller,Sameer Menon,40038
Sourabh Singh,50189,Station Controller,Sameer Menon,40038
Anjali Pandey,50190,Station Controller,Sameer Menon,40038
Akshay Chauhan,50191,Station Controller,Zoya Agarwal,40039
Nandini Goyal,50192,Station Controller,Zoya Agarwal,40039
Lokesh Goel,50193,Station Controller,Zoya Agarwal,40039
Karan Sharma,50194,Station Controller,Zoya Agarwal,40039
Ananya Joshi,50195,Station Controller,Zoya Agarwal,40039
Manoj Mehta,50196,Station Controller,Ankit Chauhan,40040
Sandeep Dubey,50197,Station Controller,Ankit Chauhan,40040
Anjali Dubey,50198,Station Controller,Ankit Chauhan,40040
Kavita Mittal,50199,Station Controller,Ankit Chauhan,40040
Mehul Shukla,50200,Station Controller,Ankit Chauhan,40040
Bharat Verma,50201,Station Controller,Monika Sharma,40041
Divya Kapoor,50202,Station Controller,Monika Sharma,40041
Akash Dwivedi,50203,Station Controller,Monika Sharma,40041
Bharat Bhatia,50204,Station Controller,Monika Sharma,40041
Vikas Kashyap,50205,Station Controller,Monika Sharma,40041
Arjun Shukla,50206,Station Controller,Ayush Bhatia,40042
Neha Dwivedi,50207,Station Controller,Ayush Bhatia,40042
Neha Rastogi,50208,Station Controller,Ayush Bhatia,40042
Vivek Gupta,50209,Station Controller,Ayush Bhatia,40042
Dev Chopra,50210,Station Controller,Ayush Bhatia,40042
Dev Yadav,50211,Station Controller,Vikram Singh,40043
Varun Sharma,50212,Station Controller,Vikram Singh,40043
Aarav Gupta,50213,Station Controller,Vikram Singh,40043
Rajesh Dwivedi,50214,Station Controller,Vikram Singh,40043
Monika Verma,50215,Station Controller,Vikram Singh,40043
Jatin Bansal,50216,Station Controller,Akshay Rana,40044
Ashish Mishra,50217,Station Controller,Akshay Rana,40044
Payal Goel,50218,Station Controller,Akshay Rana,40044
Mehul Jain,50219,Station Controller,Akshay Rana,40044
Aniket Chauhan,50220,Station Controller,Akshay Rana,40044
Deepak Mittal,50221,Station Controller,Rajat Mittal,40045
Priya Shukla,50222,Station Controller,Rajat Mittal,40045
Zoya Joshi,50223,Station Controller,Rajat Mittal,40045
Meena Kashyap,50224,Station Controller,Rajat Mittal,40045
Lokesh Singh,50225,Station Controller,Rajat Mittal,40045
Arpita Kapoor,50226,Station Controller,Nidhi Gupta,40046
Shivam Iyer,50227,Station Controller,Nidhi Gupta,40046
Ravi Srivastava,50228,Station Controller,Nidhi Gupta,40046
Rakesh Kapoor,50229,Station Controller,Nidhi Gupta,40046
Chandni Chauhan,50230,Station Controller,Nidhi Gupta,40046
Rajesh Bhatia,50231,Station Controller,Ayush Nair,40047
Nikhil Goyal,50232,Station Controller,Ayush Nair,40047
Ankit Dwivedi,50233,Station Controller,Ayush Nair,40047
Neeraj Shukla,50234,Station Controller,Ayush Nair,40047
Vinay Sinha,50235,Station Controller,Ayush Nair,40047
Meena Mathur,50236,Station Controller,Rahul Sethi,40048
Hemant Bansal,50237,Station Controller,Rahul Sethi,40048
Chetan Arora,50238,Station Controller,Rahul Sethi,40048
Priya Goel,50239,Station Controller,Rahul Sethi,40048
Naveen Sinha,50240,Station Controller,Rahul Sethi,40048
Harish Mathur,50241,Station Controller,Amrita Mittal,40049
Nisha Dubey,50242,Station Controller,Amrita Mittal,40049
Ramesh Shukla,50243,Station Controller,Amrita Mittal,40049
Ankit Iyer,50244,Station Controller,Amrita Mittal,40049
Deepika Arora,50245,Station Controller,Amrita Mittal,40049
Bhavna Khanna,50246,Station Controller,Arnav Mathur,40050
Lakshmi Srivastava,50247,Station Controller,Arnav Mathur,40050
Sandeep Goel,50248,Station Controller,Arnav Mathur,40050
Kavita Rana,50249,Station Controller,Arnav Mathur,40050
Harish Kapoor,50250,Station Controller,Arnav Mathur,40050
Tanmay Singh,50251,Station Controller,Vivek Dwivedi,40051
Arnav Kapoor,50252,Station Controller,Vivek Dwivedi,40051
Rajesh Bansal,50253,Station Controller,Vivek Dwivedi,40051
Sameer Pandey,50254,Station Controller,Vivek Dwivedi,40051
Nisha Menon,50255,Station Controller,Vivek Dwivedi,40051
Sonal Chopra,50256,Station Controller,Bharat Rastogi,40052
Vikram Rana,50257,Station Controller,Bharat Rastogi,40052
Amit Rastogi,50258,Station Controller,Bharat Rastogi,40052
Abhishek Tiwari,50259,Station Controller,Bharat Rastogi,40052
Mohit Gupta,50260,Station Controller,Bharat Rastogi,40052
Isha Goel,50261,Station Controller,Amrita Jain,40053
Arpita Arora,50262,Station Controller,Amrita Jain,40053
Prakash Chauhan,50263,Station Controller,Amrita Jain,40053
Sameer Agarwal,50264,Station Controller,Amrita Jain,40053
Aniket Tiwari,50265,Station Controller,Amrita Jain,40053
Sunil Saxena,50266,Station Controller,Neha Chauhan,40054
Aditya Goyal,50267,Station Controller,Neha Chauhan,40054
Akash Joshi,50268,Station Controller,Neha Chauhan,40054
Deepak Verma,50269,Station Controller,Neha Chauhan,40054
Rakesh Agarwal,50270,Station Controller,Neha Chauhan,40054
Gaurav Saxena,50271,Station Controller,Amit Pandey,40055
Dhruv Srivastava,50272,Station Controller,Amit Pandey,40055
Sonal Yadav,50273,Station Controller,Amit Pandey,40055
Payal Rastogi,50274,Station Controller,Amit Pandey,40055
Pradeep Mishra,50275,Station Controller,Amit Pandey,40055
Isha Dubey,50276,Station Controller,Shreya Tripathi,40056
Ramesh Malhotra,50277,Station Controller,Shreya Tripathi,40056
Prakash Dwivedi,50278,Station Controller,Shreya Tripathi,40056
Monika Mehta,50279,Station Controller,Shreya Tripathi,40056
Aditya Khanna,50280,Station Controller,Shreya Tripathi,40056
Sunil Chauhan,50281,Station Controller,Jatin Kashyap,40057
Dev Jain,50282,Station Controller,Jatin Kashyap,40057
Sourabh Sethi,50283,Station Controller,Jatin Kashyap,40057
Neha Kashyap,50284,Station Controller,Jatin Kashyap,40057
Varun Sethi,50285,Station Controller,Jatin Kashyap,40057
Aditya Tiwari,50286,Station Controller,Pooja Rana,40058
Aniket Kashyap,50287,Station Controller,Pooja Rana,40058
Arjun Srivastava,50288,Station Controller,Pooja Rana,40058
Aditya Bhatia,50289,Station Controller,Pooja Rana,40058
Neeraj Kumar,50290,Station Controller,Pooja Rana,40058
Chetan Mehta,50291,Station Controller,Dhruv Kapoor,40059
Dev Mathur,50292,Station Controller,Dhruv Kapoor,40059
Amrita Chaudhary,50293,Station Controller,Dhruv Kapoor,40059
Akash Tiwari,50294,Station Controller,Dhruv Kapoor,40059
Anjali Goel,50295,Station Controller,Dhruv Kapoor,40059
Aarav Tiwari,50296,Station Controller,Neha Mittal,40060
Yash Gupta,50297,Station Controller,Neha Mittal,40060
Madhuri Saxena,50298,Station Controller,Neha Mittal,40060
Madhuri Sinha,50299,Station Controller,Neha Mittal,40060
Tanmay Mittal,50300,Station Controller,Neha Mittal,40060
Dhruv Tripathi,50301,Station Controller,Harish Tripathi,40061
Aditya Sethi,50302,Station Controller,Harish Tripathi,40061
Bharat Menon,50303,Station Controller,Harish Tripathi,40061
Akshay Mishra,50304,Station Controller,Harish Tripathi,40061
Bhavna Rastogi,50305,Station Controller,Harish Tripathi,40061
Arnav Saxena,50306,Station Controller,Dev Menon,40062
Varun Rastogi,50307,Station Controller,Dev Menon,40062
Prakash Bhatia,50308,Station Controller,Dev Menon,40062
Rahul Menon,50309,Station Controller,Dev Menon,40062
Kunal Agarwal,50310,Station Controller,Dev Menon,40062
Amrita Dubey,50311,Station Controller,Amrita Goel,40063
Shivam Pandey,50312,Station Controller,Amrita Goel,40063
Anjali Mathur,50313,Station Controller,Amrita Goel,40063
Jyoti Mittal,50314,Station Controller,Amrita Goel,40063
Aditya Jain,50315,Station Controller,Amrita Goel,40063
Tanmay Sinha,50316,Station Controller,Dev Mehta,40064
Gaurav Chauhan,50317,Station Controller,Dev Mehta,40064
Lakshmi Agarwal,50318,Station Controller,Dev Mehta,40064
Prakash Dubey,50319,Station Controller,Dev Mehta,40064
Arnav Bhatia,50320,Station Controller,Dev Mehta,40064
Rajat Agarwal,50321,Station Controller,Manoj Rastogi,40065
Harish Tiwari,50322,Station Controller,Manoj Rastogi,40065
Vikram Goel,50323,Station Controller,Manoj Rastogi,40065
Bharat Mishra,50324,Station Controller,Manoj Rastogi,40065
Pragya Goyal,50325,Station Controller,Manoj Rastogi,40065
Ayush Verma,50326,Station Controller,Deepika Nair,40066
Varun Verma,50327,Station Controller,Deepika Nair,40066
Mohit Srivastava,50328,Station Controller,Deepika Nair,40066
Shivam Agarwal,50329,Station Controller,Deepika Nair,40066
Yash Joshi,50330,Station Controller,Deepika Nair,40066
Vinay Chaudhary,50331,Station Controller,Nandini Chauhan,40067
Mehul Malhotra,50332,Station Controller,Nandini Chauhan,40067
Deepak Gupta,50333,Station Controller,Nandini Chauhan,40067
Jyoti Kumar,50334,Station Controller,Nandini Chauhan,40067
Aarav Srivastava,50335,Station Controller,Nandini Chauhan,40067
Nandini Iyer,50336,Station Controller,Meena Mehta,40068
Abhishek Mehta,50337,Station Controller,Meena Mehta,40068
Sonal Saxena,50338,Station Controller,Meena Mehta,40068
Neha Kapoor,50339,Station Controller,Meena Mehta,40068
Chandni Nair,50340,Station Controller,Meena Mehta,40068
Aarav Goel,50341,Station Controller,Akash Chaudhary,40069
Vikram Kumar,50342,Station Controller,Akash Chaudhary,40069
Neeraj Menon,50343,Station Controller,Akash Chaudhary,40069
Sandeep Srivastava,50344,Station Controller,Akash Chaudhary,40069
Chetan Mishra,50345,Station Controller,Akash Chaudhary,40069
Pooja Yadav,50346,Station Controller,Ashish Sinha,40070
Ananya Pandey,50347,Station Controller,Ashish Sinha,40070
Hemant Chopra,50348,Station Controller,Ashish Sinha,40070
Pallavi Khanna,50349,Station Controller,Ashish Sinha,40070
Sourabh Tripathi,50350,Station Controller,Ashish Sinha,40070
Kavita Rastogi,50351,Station Controller,Sandeep Singh,40071
Pankaj Kumar,50352,Station Controller,Sandeep Singh,40071
Rahul Malhotra,50353,Station Controller,Sandeep Singh,40071
Kavita Tripathi,50354,Station Controller,Sandeep Singh,40071
Karan Mehta,50355,Station Controller,Sandeep Singh,40071
Arjun Saxena,50356,Station Controller,Deepika Goel,40072
Rakesh Nair,50357,Station Controller,Deepika Goel,40072
Sandeep Bansal,50358,Station Controller,Deepika Goel,40072
Anjali Goyal,50359,Station Controller,Deepika Goel,40072
Monika Agarwal,50360,Station Controller,Deepika Goel,40072
Isha Arora,50361,Station Controller,Rajesh Saxena,40073
Akshay Kashyap,50362,Station Controller,Rajesh Saxena,40073
Nikhil Bansal,50363,Station Controller,Rajesh Saxena,40073
Pradeep Arora,50364,Station Controller,Rajesh Saxena,40073
Aditya Nair,50365,Station Controller,Rajesh Saxena,40073
Vikas Sethi,50366,Station Controller,Monika Yadav,40074
Nikhil Kumar,50367,Station Controller,Monika Yadav,40074
Bharat Mathur,50368,Station Controller,Monika Yadav,40074
Ayush Dwivedi,50369,Station Controller,Monika Yadav,40074
Vikram Khanna,50370,Station Controller,Monika Yadav,40074
Prakash Nair,50371,Station Controller,Mohit Mathur,40075
Lakshmi Khanna,50372,Station Controller,Mohit Mathur,40075
Zoya Sethi,50373,Station Controller,Mohit Mathur,40075
Amit Yadav,50374,Station Controller,Mohit Mathur,40075
Sourabh Chopra,50375,Station Controller,Mohit Mathur,40075
Meena Arora,50376,Station Controller,Nisha Verma,40076
Rajesh Mittal,50377,Station Controller,Nisha Verma,40076
Dinesh Jain,50378,Station Controller,Nisha Verma,40076
Yash Singh,50379,Station Controller,Nisha Verma,40076
Vikas Malhotra,50380,Station Controller,Nisha Verma,40076
Bharat Tiwari,50381,Station Controller,Madhuri Chaudhary,40077
Divya Chaudhary,50382,Station Controller,Madhuri Chaudhary,40077
Sanjay Goel,50383,Station Controller,Madhuri Chaudhary,40077
Payal Verma,50384,Station Controller,Madhuri Chaudhary,40077
Aniket Pandey,50385,Station Controller,Madhuri Chaudhary,40077
Hemant Yadav,50386,Station Controller,Anjali Tiwari,40078
Dinesh Chauhan,50387,Station Controller,Anjali Tiwari,40078
Ankit Jain,50388,Station Controller,Anjali Tiwari,40078
Rohit Nair,50389,Station Controller,Anjali Tiwari,40078
Akash Shukla,50390,Station Controller,Anjali Tiwari,40078
Geeta Jain,50391,Station Controller,Lakshmi Rastogi,40079
Mehul Sinha,50392,Station Controller,Lakshmi Rastogi,40079
Madhuri Joshi,50393,Station Controller,Lakshmi Rastogi,40079
Rajat Verma,50394,Station Controller,Lakshmi Rastogi,40079
Deepak Singh,50395,Station Controller,Lakshmi Rastogi,40079
Ananya Kashyap,50396,Station Controller,Nandini Menon,40080
Nandini Kapoor,50397,Station Controller,Nandini Menon,40080
Zoya Kashyap,50398,Station Controller,Nandini Menon,40080
Monika Nair,50399,Station Controller,Nandini Menon,40080
Chetan Kumar,50400,Station Controller,Nandini Menon,40080
Tanmay Yadav,50401,Station Controller,Vikas Nair,40081
Aniket Khanna,50402,Station Controller,Vikas Nair,40081
Madhuri Khanna,50403,Station Controller,Vikas Nair,40081
Rohit Chaudhary,50404,Station Controller,Vikas Nair,40081
Vinay Nair,50405,Station Controller,Vikas Nair,40081
Sourabh Jain,50406,Station Controller,Vinay Sethi,40082
Bharat Chaudhary,50407,Station Controller,Vinay Sethi,40082
Aarav Khanna,50408,Station Controller,Vinay Sethi,40082
Ravi Iyer,50409,Station Controller,Vinay Sethi,40082
Jyoti Singh,50410,Station Controller,Vinay Sethi,40082
Bhavna Agarwal,50411,Station Controller,Aditi Sethi,40083
Rohit Kashyap,50412,Station Controller,Aditi Sethi,40083
Shivam Rastogi,50413,Station Controller,Aditi Sethi,40083
Hemant Gupta,50414,Station Controller,Aditi Sethi,40083
Dinesh Saxena,50415,Station Controller,Aditi Sethi,40083
Prakash Arora,50416,Station Controller,Tanmay Agarwal,40084
Lokesh Rana,50417,Station Controller,Tanmay Agarwal,40084
Aditi Nair,50418,Station Controller,Tanmay Agarwal,40084
Rajesh Jain,50419,Station Controller,Tanmay Agarwal,40084
Ayush Saxena,50420,Station Controller,Tanmay Agarwal,40084
Chandni Rastogi,50421,Station Controller,Varun Arora,40085
Shreya Tiwari,50422,Station Controller,Varun Arora,40085
Shreya Srivastava,50423,Station Controller,Varun Arora,40085
Prakash Rana,50424,Station Controller,Varun Arora,40085
Sunil Khanna,50425,Station Controller,Varun Arora,40085
Sneha Iyer,50426,Station Controller,Dhruv Iyer,40086
Shivam Goyal,50427,Station Controller,Dhruv Iyer,40086
Aditi Pandey,50428,Station Controller,Dhruv Iyer,40086
Neeraj Tripathi,50429,Station Controller,Dhruv Iyer,40086
Mehul Bansal,50430,Station Controller,Dhruv Iyer,40086
Reena Mittal,50431,Station Controller,Mehul Nair,40087
Nandini Bansal,50432,Station Controller,Mehul Nair,40087
Ravi Goyal,50433,Station Controller,Mehul Nair,40087
Arjun Dwivedi,50434,Station Controller,Mehul Nair,40087
Jatin Nair,50435,Station Controller,Mehul Nair,40087
Sandeep Sinha,50436,Station Controller,Mehul Verma,40088
Vivek Goyal,50437,Station Controller,Mehul Verma,40088
Neeraj Dubey,50438,Station Controller,Mehul Verma,40088
Harish Jain,50439,Station Controller,Mehul Verma,40088
Abhishek Sharma,50440,Station Controller,Mehul Verma,40088
Bhavna Bansal,50441,Station Controller,Varun Goyal,40089
Sourabh Nair,50442,Station Controller,Varun Goyal,40089
Sneha Khanna,50443,Station Controller,Varun Goyal,40089
Sunil Tripathi,50444,Station Controller,Varun Goyal,40089
Dhruv Mittal,50445,Station Controller,Varun Goyal,40089
Nidhi Mathur,50446,Station Controller,Anjali Agarwal,40090
Sunil Goyal,50447,Station Controller,Anjali Agarwal,40090
Pooja Dwivedi,50448,Station Controller,Anjali Agarwal,40090
Sandeep Nair,50449,Station Controller,Anjali Agarwal,40090
Rohit Kumar,50450,Station Controller,Anjali Agarwal,40090
Jyoti Joshi,50451,Station Controller,Pallavi Sharma,40091
Sandeep Pandey,50452,Station Controller,Pallavi Sharma,40091
Pooja Bhatia,50453,Station Controller,Pallavi Sharma,40091
Rajat Menon,50454,Station Controller,Pallavi Sharma,40091
Prakash Tiwari,50455,Station Controller,Pallavi Sharma,40091
Prakash Pandey,50456,Station Controller,Neeraj Yadav,40092
Rajat Chaudhary,50457,Station Controller,Neeraj Yadav,40092
Ananya Mathur,50458,Station Controller,Neeraj Yadav,40092
Shreya Agarwal,50459,Station Controller,Neeraj Yadav,40092
Chandni Khanna,50460,Station Controller,Neeraj Yadav,40092
Rakesh Pandey,50461,Station Controller,Sachin Sharma,40093
Pragya Verma,50462,Station Controller,Sachin Sharma,40093
Hemant Mehta,50463,Station Controller,Sachin Sharma,40093
Divya Menon,50464,Station Controller,Sachin Sharma,40093
Jatin Srivastava,50465,Station Controller,Sachin Sharma,40093
Sonal Menon,50466,Station Controller,Pooja Nair,40094
Reena Tripathi,50467,Station Controller,Pooja Nair,40094
Chetan Bansal,50468,Station Controller,Pooja Nair,40094
Shreya Yadav,50469,Station Controller,Pooja Nair,40094
Pooja Saxena,50470,Station Controller,Pooja Nair,40094
Dev Agarwal,50471,Station Controller,Divya Bhatia,40095
Isha Rana,50472,Station Controller,Divya Bhatia,40095
Ananya Mehta,50473,Station Controller,Divya Bhatia,40095
Dev Bansal,50474,Station Controller,Divya Bhatia,40095
Tanmay Iyer,50475,Station Controller,Divya Bhatia,40095
Ravi Yadav,50476,Station Controller,Mehul Rastogi,40096
Sakshi Malhotra,50477,Station Controller,Mehul Rastogi,40096
Arjun Sethi,50478,Station Controller,Mehul Rastogi,40096
Nidhi Goyal,50479,Station Controller,Mehul Rastogi,40096
Tanmay Bansal,50480,Station Controller,Mehul Rastogi,40096
Ramesh Chopra,50481,Station Controller,Sonal Verma,40097
Jyoti Rana,50482,Station Controller,Sonal Verma,40097
Karan Dwivedi,50483,Station Controller,Sonal Verma,40097
Sameer Srivastava,50484,Station Controller,Sonal Verma,40097
Neeraj Malhotra,50485,Station Controller,Sonal Verma,40097
Dhruv Khanna,50486,Station Controller,Karan Kashyap,40098
Sunil Sethi,50487,Station Controller,Karan Kashyap,40098
Hemant Pandey,50488,Station Controller,Karan Kashyap,40098
Shreya Dwivedi,50489,Station Controller,Karan Kashyap,40098
Amrita Menon,50490,Station Controller,Karan Kashyap,40098
Rahul Rana,50491,Station Controller,Karan Rana,40099
Aditya Iyer,50492,Station Controller,Karan Rana,40099
Priya Khanna,50493,Station Controller,Karan Rana,40099
Nisha Mathur,50494,Station Controller,Karan Rana,40099
Ritu Iyer,50495,Station Controller,Karan Rana,40099
Manoj Tripathi,50496,Station Controller,Rakesh Chopra,40100
Divya Arora,50497,Station Controller,Rakesh Chopra,40100
Ankit Rastogi,50498,Station Controller,Rakesh Chopra,40100
Pooja Chopra,50499,Station Controller,Rakesh Chopra,40100
Isha Nair,50500,Station Controller,Rakesh Chopra,40100
Reena Kumar,50501,Station Controller,Nisha Iyer,40101
Isha Iyer,50502,Station Controller,Nisha Iyer,40101
Vikas Tiwari,50503,Station Controller,Nisha Iyer,40101
Rakesh Singh,50504,Station Controller,Nisha Iyer,40101
Hemant Sethi,50505,Station Controller,Nisha Iyer,40101
Ananya Sharma,50506,Station Controller,Aarav Chauhan,40102
Ritu Rana,50507,Station Controller,Aarav Chauhan,40102
Sandeep Rana,50508,Station Controller,Aarav Chauhan,40102
Chandni Sinha,50509,Station Controller,Aarav Chauhan,40102
Harish Dwivedi,50510,Station Controller,Aarav Chauhan,40102
Pragya Saxena,50511,Station Controller,Aniket Singh,40103
Sakshi Dwivedi,50512,Station Controller,Aniket Singh,40103
Dinesh Dwivedi,50513,Station Controller,Aniket Singh,40103
Mohit Khanna,50514,Station Controller,Aniket Singh,40103
Sakshi Verma,50515,Station Controller,Aniket Singh,40103
Lakshmi Arora,50516,Station Controller,Aniket Jain,40104
Shreya Khanna,50517,Station Controller,Aniket Jain,40104
Yash Menon,50518,Station Controller,Aniket Jain,40104
Prakash Khanna,50519,Station Controller,Aniket Jain,40104
Payal Sharma,50520,Station Controller,Aniket Jain,40104
Mohit Bansal,50521,Station Controller,Pradeep Rana,40105
Ananya Tiwari,50522,Station Controller,Pradeep Rana,40105
Kavita Dwivedi,50523,Station Controller,Pradeep Rana,40105
Neeraj Jain,50524,Station Controller,Pradeep Rana,40105
Lokesh Pandey,50525,Station Controller,Pradeep Rana,40105
Lokesh Mathur,50526,Station Controller,Madhuri Bansal,40106
Akash Goyal,50527,Station Controller,Madhuri Bansal,40106
Deepak Yadav,50528,Station Controller,Madhuri Bansal,40106
Sandeep Tiwari,50529,Station Controller,Madhuri Bansal,40106
Rajat Yadav,50530,Station Controller,Madhuri Bansal,40106
Nidhi Iyer,50531,Station Controller,Rahul Saxena,40107
Mehul Kashyap,50532,Station Controller,Rahul Saxena,40107
Sneha Rana,50533,Station Controller,Rahul Saxena,40107
Ravi Sinha,50534,Station Controller,Rahul Saxena,40107
Prakash Chaudhary,50535,Station Controller,Rahul Saxena,40107
Sourabh Chauhan,50536,Station Controller,Divya Sinha,40108
Dhruv Chopra,50537,Station Controller,Divya Sinha,40108
Geeta Khanna,50538,Station Controller,Divya Sinha,40108
Neha Sethi,50539,Station Controller,Divya Sinha,40108
Jyoti Goyal,50540,Station Controller,Divya Sinha,40108
Manoj Agarwal,50541,Station Controller,Amit Jain,40109
Nikhil Pandey,50542,Station Controller,Amit Jain,40109
Komal Sharma,50543,Station Controller,Amit Jain,40109
Vinay Bhatia,50544,Station Controller,Amit Jain,40109
Hemant Khanna,50545,Station Controller,Amit Jain,40109
Neha Dubey,50546,Station Controller,Sandeep Iyer,40110
Meena Yadav,50547,Station Controller,Sandeep Iyer,40110
Sachin Pandey,50548,Station Controller,Sandeep Iyer,40110
Manoj Sinha,50549,Station Controller,Sandeep Iyer,40110
Lokesh Chopra,50550,Station Controller,Sandeep Iyer,40110
Ramesh Sinha,50551,Station Controller,Anjali Sinha,40111
Harish Arora,50552,Station Controller,Anjali Sinha,40111
Sandeep Kumar,50553,Station Controller,Anjali Sinha,40111
Rajesh Goel,50554,Station Controller,Anjali Sinha,40111
Sameer Mittal,50555,Station Controller,Anjali Sinha,40111
Prakash Verma,50556,Station Controller,Arnav Srivastava,40112
Chetan Pandey,50557,Station Controller,Arnav Srivastava,40112
Anjali Chopra,50558,Station Controller,Arnav Srivastava,40112
Ravi Arora,50559,Station Controller,Arnav Srivastava,40112
Ravi Mishra,50560,Station Controller,Arnav Srivastava,40112
Kunal Sharma,50561,Station Controller,Nidhi Bhatia,40113
Ramesh Tiwari,50562,Station Controller,Nidhi Bhatia,40113
Ashish Goel,50563,Station Controller,Nidhi Bhatia,40113
Jatin Arora,50564,Station Controller,Nidhi Bhatia,40113
Arpita Mishra,50565,Station Controller,Nidhi Bhatia,40113
Karan Iyer,50566,Station Controller,Dinesh Tiwari,40114
Pradeep Singh,50567,Station Controller,Dinesh Tiwari,40114
Ritu Joshi,50568,Station Controller,Dinesh Tiwari,40114
Rajat Khanna,50569,Station Controller,Dinesh Tiwari,40114
Shivam Gupta,50570,Station Controller,Dinesh Tiwari,40114
Ayush Rana,50571,Station Controller,Prakash Mittal,40115
Manish Menon,50572,Station Controller,Prakash Mittal,40115
Ananya Bhatia,50573,Station Controller,Prakash Mittal,40115
Karan Yadav,50574,Station Controller,Prakash Mittal,40115
Dev Gupta,50575,Station Controller,Prakash Mittal,40115
Meena Singh,50576,Station Controller,Jatin Menon,40116
Ankit Chopra,50577,Station Controller,Jatin Menon,40116
Jatin Chopra,50578,Station Controller,Jatin Menon,40116
Sachin Yadav,50579,Station Controller,Jatin Menon,40116
Reena Mehta,50580,Station Controller,Jatin Menon,40116
Nisha Mittal,50581,Station Controller,Aditya Dubey,40117
Sanjay Dubey,50582,Station Controller,Aditya Dubey,40117
Gaurav Shukla,50583,Station Controller,Aditya Dubey,40117
Neeraj Pandey,50584,Station Controller,Aditya Dubey,40117
Mohit Kapoor,50585,Station Controller,Aditya Dubey,40117
Chetan Agarwal,50586,Station Controller,Jatin Verma,40118
Rajesh Khanna,50587,Station Controller,Jatin Verma,40118
Chetan Iyer,50588,Station Controller,Jatin Verma,40118
Aarav Malhotra,50589,Station Controller,Jatin Verma,40118
Amrita Kashyap,50590,Station Controller,Jatin Verma,40118
Sakshi Shukla,50591,Station Controller,Manoj Chauhan,40119
Akshay Srivastava,50592,Station Controller,Manoj Chauhan,40119
Hemant Kumar,50593,Station Controller,Manoj Chauhan,40119
Prakash Sharma,50594,Station Controller,Manoj Chauhan,40119
Shreya Mehta,50595,Station Controller,Manoj Chauhan,40119
Abhishek Agarwal,50596,Station Controller,Prakash Chopra,40120
Pallavi Bansal,50597,Station Controller,Prakash Chopra,40120
Sourabh Kumar,50598,Station Controller,Prakash Chopra,40120
Rahul Singh,50599,Station Controller,Prakash Chopra,40120
Amrita Kumar,50600,Station Controller,Prakash Chopra,40120
Nisha Saxena,50601,Station Controller,Ravi Gupta,40121
Sandeep Khanna,50602,Station Controller,Ravi Gupta,40121
Akshay Chopra,50603,Station Controller,Ravi Gupta,40121
Isha Gupta,50604,Station Controller,Ravi Gupta,40121
Nisha Mishra,50605,Station Controller,Ravi Gupta,40121
Rajesh Srivastava,50606,Station Controller,Deepika Dwivedi,40122
Sakshi Khanna,50607,Station Controller,Deepika Dwivedi,40122
Pallavi Malhotra,50608,Station Controller,Deepika Dwivedi,40122
Ankit Singh,50609,Station Controller,Deepika Dwivedi,40122
Mohit Rana,50610,Station Controller,Deepika Dwivedi,40122
Tanmay Sethi,50611,Station Controller,Geeta Sharma,40123
Ananya Gupta,50612,Station Controller,Geeta Sharma,40123
Aditya Malhotra,50613,Station Controller,Geeta Sharma,40123
Lokesh Rastogi,50614,Station Controller,Geeta Sharma,40123
Dinesh Bansal,50615,Station Controller,Geeta Sharma,40123
Tanmay Nair,50616,Station Controller,Deepak Dubey,40124
Reena Chauhan,50617,Station Controller,Deepak Dubey,40124
Pradeep Dwivedi,50618,Station Controller,Deepak Dubey,40124
Pankaj Iyer,50619,Station Controller,Deepak Dubey,40124
Priya Chopra,50620,Station Controller,Deepak Dubey,40124
Aniket Sethi,50621,Station Controller,Sakshi Goyal,40125
Chetan Mittal,50622,Station Controller,Sakshi Goyal,40125
Sandeep Verma,50623,Station Controller,Sakshi Goyal,40125
Sanjay Dwivedi,50624,Station Controller,Sakshi Goyal,40125
Manish Khanna,50625,Station Controller,Sakshi Goyal,40125
Aniket Mehta,50626,Station Controller,Tanmay Jain,40126
Dev Goel,50627,Station Controller,Tanmay Jain,40126
Chandni Goyal,50628,Station Controller,Tanmay Jain,40126
Pankaj Tripathi,50629,Station Controller,Tanmay Jain,40126
Akshay Mathur,50630,Station Controller,Tanmay Jain,40126
Neeraj Kapoor,50631,Station Controller,Sneha Bansal,40127
Dinesh Kumar,50632,Station Controller,Sneha Bansal,40127
Aditi Iyer,50633,Station Controller,Sneha Bansal,40127
Anjali Khanna,50634,Station Controller,Sneha Bansal,40127
Kunal Goel,50635,Station Controller,Sneha Bansal,40127
Dinesh Chaudhary,50636,Station Controller,Rohit Goel,40128
Sourabh Arora,50637,Station Controller,Rohit Goel,40128
Sunil Kashyap,50638,Station Controller,Rohit Goel,40128
Vikram Chaudhary,50639,Station Controller,Rohit Goel,40128
Nisha Goyal,50640,Station Controller,Rohit Goel,40128
Priya Yadav,50641,Station Controller,Reena Srivastava,40129
Payal Kashyap,50642,Station Controller,Reena Srivastava,40129
Sakshi Singh,50643,Station Controller,Reena Srivastava,40129
Aniket Iyer,50644,Station Controller,Reena Srivastava,40129
Akash Yadav,50645,Station Controller,Reena Srivastava,40129
Prakash Tripathi,50646,Station Controller,Hemant Srivastava,40130
Amit Mishra,50647,Station Controller,Hemant Srivastava,40130
Divya Mishra,50648,Station Controller,Hemant Srivastava,40130
Amrita Singh,50649,Station Controller,Hemant Srivastava,40130
Ananya Goyal,50650,Station Controller,Hemant Srivastava,40130
Nikhil Kapoor,50651,Station Controller,Hemant Srivastava,40130
Sakshi Tiwari,50652,Station Controller,Mohit Mehta,40131
Yash Saxena,50653,Station Controller,Mohit Mehta,40131
Ananya Yadav,50654,Station Controller,Mohit Mehta,40131
Lakshmi Goel,50655,Station Controller,Mohit Mehta,40131
Priya Malhotra,50656,Station Controller,Mohit Mehta,40131
Payal Sethi,50657,Station Controller,Vikram Tiwari,40132
Abhishek Kumar,50658,Station Controller,Vikram Tiwari,40132
Sonal Sethi,50659,Station Controller,Vikram Tiwari,40132
Varun Srivastava,50660,Station Controller,Vikram Tiwari,40132
Jyoti Menon,50661,Station Controller,Vikram Tiwari,40132
Geeta Goel,50662,Station Controller,Shivam Srivastava,40133
Ravi Menon,50663,Station Controller,Shivam Srivastava,40133
Mohit Joshi,50664,Station Controller,Shivam Srivastava,40133
Ritu Mathur,50665,Station Controller,Shivam Srivastava,40133
Arnav Gupta,50666,Station Controller,Shivam Srivastava,40133
Madhuri Mehta,50667,Station Controller,Ashish Chopra,40134
Sameer Chauhan,50668,Station Controller,Ashish Chopra,40134
Sonal Iyer,50669,Station Controller,Ashish Chopra,40134
Rohit Agarwal,50670,Station Controller,Ashish Chopra,40134
Jatin Joshi,50671,Station Controller,Ashish Chopra,40134
